1,2022-01-30,58063,Yqgowcgavh,Morbi vestibulum velit id pretium iaculis diam erat fermentum justo nec condimentum neque sapien placerat ante.,64525.95
2,2022-08-01,93541,Ysemwefxdd,Vestibulum ante ipsum primis in faucibus orci luctus et ultrices posuere cubilia Curae; Donec pharetra magna vestibulum aliquet ultrices erat tortor sollicitudin mi sit amet lobortis sapien sapien non mi.,73004.06
3,2022-06-13,92838,Bkyqyueblj,Pellentesque at nulla.,83898.92
4,2022-06-23,86324,Myldmrrwbn,Nullam molestie nibh in lectus.,71048.71
5,2022-05-25,99856,Tbeknomsau,Nulla nisl.,11942.68
6,2022-05-16,94681,Feptuwuejp,Fusce lacus purus aliquet at feugiat non pretium quis lectus.,19124.8
7,2022-03-02,28800,Ikazcefbtz,Aenean fermentum.,15790.95
8,2022-08-30,53212,Reffshesrz,Mauris enim leo rhoncus sed vestibulum sit amet cursus id turpis.,92271.04
9,2022-05-05,31282,Mhayqxfovj,Proin leo odio porttitor id consequat in consequat ut nulla.,65095.61
10,2022-02-15,30587,Ghnvmeqyhv,In hac habitasse platea dictumst.,12098.49
11,2022-04-19,47924,Sqhewbskkb,Curabitur in libero ut massa volutpat convallis.,28512.7
12,2022-09-01,17311,Mhbvyqacrh,Cras in purus eu magna vulputate luctus.,57809.21
13,2022-12-06,62809,Vznloigtdu,Duis bibendum.,90010.14
14,2022-06-16,26145,Mctgjpaizw,Suspendisse potenti.,68971.67
15,2022-10-08,48043,Qwfxzbfhje,Vestibulum rutrum rutrum neque.,27506.79
